{"initial_reset_timestamp": 1606521922.6312058, "timestamps": [1606522273.7825797, 1606523498.8064606, 1606523770.3651888, 1606524036.3654592, 1606524280.0729225, 1606524573.633992], "episode_lengths": [3154, 11174, 2563, 2614, 2398, 2856], "episode_rewards": [34679.0, 157087.0, 27592.0, 28511.0, 20488.0, 29484.0], "episode_types": ["t", "t", "t", "t", "t", "t", "t"]}