{"initial_reset_timestamp": 1606525545.1662488, "timestamps": [1606525907.117728, 1606526353.3562784, 1606527129.3941534, 1606527450.2545884, 1606527748.4564698, 1606528003.492492, 1606528429.8620837, 1606528685.5333793, 1606528962.210381, 1606529230.7412143, 1606529642.777966, 1606529948.9949517, 1606530469.0198543, 1606530774.8225236], "episode_lengths": [3200, 4131, 7373, 3024, 2939, 2532, 4110, 2437, 2582, 2645, 3986, 2848, 4852, 2858], "episode_rewards": [35403.0, 48437.0, 22692.0, 31532.0, 35864.0, 23017.0, 51647.0, 26561.0, 27522.0, 26690.0, 47883.0, 32301.0, 62187.0, 32135.0], "episode_types": ["t", "t", "t", "t", "t", "t", "t", "t", "t", "t", "t", "t", "t", "t", "t"]}