{"initial_reset_timestamp": 1606525468.6448698, "timestamps": [1606525774.4079208, 1606526183.1924565, 1606526273.9059973, 1606527270.8397105, 1606527619.2087586, 1606527951.4180286], "episode_lengths": [2804, 3580, 797, 8940, 3005, 3049], "episode_rewards": [31373.0, 44406.0, 240.0, 36955.0, 30021.0, 37837.0], "episode_types": ["t", "t", "t", "t", "t", "t", "t"]}