{"initial_reset_timestamp": 1606529485.7689533, "timestamps": [1606529908.9734855, 1606530203.2207785, 1606530524.094723, 1606530817.550653, 1606531158.4415874, 1606531469.4718885, 1606531780.871035, 1606532177.2744586, 1606532536.4860873, 1606532998.5602586, 1606533222.631858, 1606533724.1402087, 1606534090.5649724, 1606534367.0597904, 1606534632.5672257], "episode_lengths": [3613, 2607, 3042, 2782, 3238, 2878, 2973, 3758, 3284, 4331, 2066, 4613, 3432, 2639, 2543], "episode_rewards": [32605.0, 26156.0, 34117.0, 30944.0, 36572.0, 23309.0, 31223.0, 42554.0, 40558.0, 55236.0, 11323.0, 53321.0, 38452.0, 22477.0, 24802.0], "episode_types": ["t", "t", "t", "t", "t", "t", "t", "t", "t", "t", "t", "t", "t", "t", "t", "t"]}