{"initial_reset_timestamp": 1606525349.4660234, "timestamps": [1606525445.052508, 1606525757.0586786, 1606526051.5756493, 1606526333.7664452, 1606526537.3178296, 1606526774.656336], "episode_lengths": [836, 2842, 2917, 2838, 2020, 2341], "episode_rewards": [310.0, 31695.0, 17934.0, 24868.0, 15958.0, 23088.0], "episode_types": ["t", "t", "t", "t", "t", "t", "t"]}